FASGU10;90
FASMR16;90
FASG9;90
FASE27;90
EBRRDAL6222;90
EBRRDAL6213B;90
EBRRDS6233B;90
EBRRDALSW6322;90
EBRRDALSW6332B;90
EBRRDALSSW6342;90
EBRRDALSW6611B;90
EBRSQALSW6711B;90
EBRRDAL16302;90
EBRRDG16302B;90
EBRRDW16302;90
EBRRDAL16302B;90
EBRRDS0516302;90
EBRRDS16302;90
EBRRDAL5225ST;90
EBRRDAL5227ST;90
EBRRDSTSW525;90
EBRRDSW525CH;90
DLMD7W27D9002;90
DLMD7W30D9002;90
DLMD7W40D9002;90
DLMD7W50D9002;90
DLMD7W60D9002;90
DLMD9W27D3802;90
DLMD9W30D3802;90
DLMD9W40D3802;90
DLMD9W50D3802;90
DLMD11W27D3802;90
DLMD11W30D3802;90
DLMD11W40D3802;90
DLMD11W50D3802;90
DLMD20W27D3690;90
DLMD20W30D3690;90
DLMD20W40D3690;90
DLMD20W50D3690;90
DLMD30W27D4090;90
DLMD30W30D4090;90
DLMD30W40D4090;90
DLMD30W50D4090;90
DLMD50W27D40110;90
DLMD50W30D40110;90
DLMD50W40D40110;90
DLMD50W50D40110;90
EBRRDWM02090C;90
EBRSQWM02090S;90
EBRSQWM05T1;90
EBRSQWM05T2;90
EBRBL120WM01;90
EBRDL120WM01;90
EBRGL0111WM01;90
EBRGL0121WM01;90
AFBGL0313WM01;90
AFBGL0323WM01;90
EBRRDW6071;90
EBRRDW6072;90
EBRRDW617;90
EBRRDW627;90
EBRRDW637;90
EBRRDW6081;90
EBRRDW628C;90
LTEW303035TUV606010D;90
LTEW503035TUV12011018D;90
LTEW402835VDE607210D;90
LTEW502835VDE607210D;90
LTEW602835VDE607210D;90
LTEW302835VDE607210D;90
LTEW402835VDE908410D;90
LTEW502835VDE908410D;90
LTEW602835VDE908410D;90
LTEW302835VDE908410D;90
LTEW402835VDE12014410D;90
LTEW602835VDE12014410D;90
LTEW302835VDE12014410D;90
LTEW402835VDE15019210D;90
LTEW502835VDE15019210D;90
LTEW602835VDE15019210D;90
LTEW302835VDE15019210D;90
LTEW402835VDE15021610D;90
LTEW502835VDE15021610D;90
LTEW602835VDE15021610D;90
LTEW302835VDE15021610D;90
LTEW602835VDE15021680K;90
LTEW402835VDE150312D51;90
LTEW502835VDE150312D51;90
LTEW602835VDE150312D51;90
LTEW302835VDE150312D51;90
LTEW402835VDE150364D51;90
LTEW502835VDE150364D51;90
LTEW602835VDE150364D51;90
LTEW302835VDE150364D51;90
TBRWB825386;90
TBRWC825450;90
TBRW301240750;90
TBRW401240800;90
TBRW501240850;90
TBRW301540110;90
TBRW401540125;90
TBRW501540140;90
TBRW301538S29W;90
TBRW401538S29W;90
TBRW501538S29W;90
TBRW301538S29B;90
TBRW401538S29B;90
TBRW501538S29B;90
TBRW302038S27WC9;90
TBRW402038S27WC9;90
TBRW502038S27WC9;90
TBRW302038S27BC9;90
TBRW402038S27BC9;90
TBRW502038S27BC9;90
TBRW302525K18WC9;90
TBRW402525K18WC9;90
TBRW502525K18WC9;90
TBRW302525K18BC9;90
TBRW402525K18BC9;90
TBRW502525K18BC9;90
TBRW303045K20WC9;90
TBRW403045K20WC9;90
TBRW503045K20WC9;90
TBRW303045K20BC9;90
TBRW403045K20BC9;90
TBRW503045K20BC9;90
TBRW304030F10WC9D45;90
TBRW404030F10WC9D45;90
TBRW304030F10WC9D20;90
TBRW404030F10WC9D20;90
TBRW504030F10WC9D20;90
TBRW304030M12WC9D45;90
TBRW404030M12WC9D45;90
TBRW504030M12WC9D45;90
DAP-04S01;45
ZBNGNES7512;45
ZBNGNES15012;45
ZBNGSP20012;45
ZBNGNES7524;45
ZBNGNES15024;45
ZBNGSP20024;45
LPV-60-12;45
LPV-35-12;45
ZBNGLPV10012;45
LPV-35-24;45
LPV-60-24;45
ZBNGLPV10024;45
ZBNGCLG15012A;45
ZBNGCLG15024A;45
ELG-150-24B-3Y;45
ZBNGHLG24012;45
ZBNGHLG24024;45
ZBNGHLG185H36;45
ZBNGHLG24036;45
DRP-240-24;45
HLG-240H-24B;45
ZBNGHLG24024;45
DCMINIJOLLYDALI20;45
DCMAXIJOLLYHCDALI;45
DCMAXIJOLLYUSDALI;45
ZBNGCCHEP20;90
ZBNGCC511400;90
ZBNGCCDM7300;90
ZBNGCCDM9200;90
ZBNGCCDM12250;90
ZBNGCCDM12300;90
ZBNGCCDM12350;90
ZBNGCCDM12450;90
ZBNGCCDM12600;90
ZBNGCCDM30800;90
ZBNGCCDM401050;90
ZBNGCCDIMB17110;90
SZLLRGBIRKGB;90
ZBRGBRGBWT;90
ZBRGBCTT6AFB;90
ZBWCBCTX6AFB;90
ZBAMP05248ARGBW;90
SZLLRGBST;90
AMPRGBST24;90
AMPRGBST24DC;90
ZBDMX5124;90
ZBDMX512RGBW;90
ZBDMCTX6;90
SZLLDM8;90
SZLLDMFB8;90
ZBDM1224IRFB;90
ZBDT8DALIPWM230950;90
ZBCH4010PWM501;90
ZBCH4010PWM801EA;90
ZBCH4010PWM804EA;90
ZBDMCV4PWM20A;90
ZBCT1009FACV;90
ZBCT1009EACV;90
ZBCT1009CSCV;90
ZBCT1009WPCV;90
ZBCT1009EA5CCV;90
ZBCT1009FACC;90
ZBCT1009SAC;90
ZBCT1009SRPAC;90
ZBCT2818WITR;90
ZBFB2819SDIM;90
ZBFB2833K5;90
ZBFB2819SCCT;90
ZBFB2819S;90
ZBFB2818;90
ZBFB2820W;90
ZBFB2820B;90
ZBFB2833DIM;90
ZBFB2833;90
ZBFB2830CCTB;90
ZBFB2833K2RGB;90
ZBFB2835DIM;90
ZBFB2858Z45C;90
ZBFB2858Z4;90
ZBFB2836D-DIM;90
ALUPMI152006EF100;45
ALUPST160120EF100;45
ALUPCN190190EF100;45
ALUPM2-1PF;45
ALUPM3-1PF;45
ALUPM4-1PF;45
ALUPM5-1PF;45
ALUPM6-1PF;45
ALUPM8-1PF;45
ALUPM11-1PF;45
ALUPM13-1PF;45
ALUPM14-1PF;45
ALUPM2-1;45
ALUPM3-1;45
ALUPM4-1;45
ALUPM5-1;45
ALUPM6-1;45
ALUPM8-1;45
ALUPM9-1;45
ALUPM11-1;45
ALUPM13-1;45
ALUPM14-1;45
ALUPKFAD100;45
ALUPKFADC2100;45
ALUPKFADC5100;45
LMDWB5050SMD124PWD;90
LMDWC5050SMD124PWD;90
LMDB5050SMD124PWD;90
LMDG5050SMD124PWD;90
LMDR5050SMD124PWD;90
LMDWB5050SMD123PWD;90
LMDWC5050SMD123PWD;90
LMDB5050SMD123PWD;90
LMDG5050SMD123PWD;90
LMDR5050SMD123PWD;90
LMDSL15W65283506451IP65;90
LMDSL25W65283510653IP65;90
LMDHL15W6528351601IP65;90
LMDHL25W6528351602IP65;90
LMDHL25W6528351603IP65;90
LMDHL15W3028351601IP65;90
LMDHL25W3028351602IP65;90
LMDHL25W3028351603IP65;90
LMDHL25R28351603IP65;90
LFBW30602010D;90
LFBW40602010D;90
LFBW60602010D;90
LFBW301204010D;90
LFBW401204010D;90
LFBW601204010D;90
LFBW301205010D;90
LFBW401205010D;90
LFBW501205010D;90
LFBW601205010D;90
LFBW301505010D;90
LFBW401505010D;90
LFBW601505010D;90
LFBW301506010D;90
LFBW401506010D;90
LFBW601506010D;90
LFBW40602010DUL;90
LFBW60602010DUL;90
LFBW401205010DUL;90
LFBW601205010DUL;90
LFBW401506010DUL;90
LFBW601506010DUL;90
LFBW30602010DDIM02;90
LFBW40602010DDIM02;90
LFBW60602010DDIM02;90
LFBW301204010DDIM02;90
LFBW401204010DDIM02;90
LFBW601204010DDIM02;90
LFBW301205010DDIM02;90
LFBW401205010DDIM02;90
LFBW501205010DDIM02;90
LFBW601205010DDIM02;90
LFBW301505010DDIM02;90
LFBW401505010DDIM02;90
LFBW601505010DDIM02;90
LFBW301506010DDIM02;90
LFBW401506010DDIM02;90
LFBW601506010DDIM02;90
LFTW30100MFA03;90
LFTW40100MFA03;90
LFTW50100MFA03;90
LFTW30150MFA03;90
LFTW40150MFA03;90
LFTW50150MFA03;90
LFTW30200MFA03;90
LFTW40200MFA03;90
LFTW50200MFA03;90
LFTW30300MFA03;90
LFTW40300MFA03;90
LFTW50300MFA03;90
LFTW30400MFA03;90
LFTW40400MFA03;90
LFTW50400MFA03;90
LFTW30450MFA03;90
LFTW40450MFA03;90
LFTW50450MFA03;90
LFTW30100MDA03;90
LFTW40100MDA03;90
LFTW50100MDA03;90
LFTW30150MDA03;90
LFTW40150MDA03;90
LFTW50150MDA03;90
LFTW30200MDA03;90
LFTW40200MDA03;90
LFTW50200MDA03;90
LFTHWW50500MDA01;90
LFTHWW65500MDA01;90
LFTHWW50750MDA01;90
LFTHWW65750MDA01;90
LFTHWW501000MDA01;90
LFTHWW651000MDA01;90
LHTSW30100SN;90
LHTSW40100SN;90
LHTSW50100SN;90
LHTSW65100SN;90
LHTSW30150SN;90
LHTSW40150SN;90
LHTSW50150SN;90
LHTSW40200SN;90
LHTSW50200SN;90
LHTSSH60SNAL;90
LHTSSH90SNAL;90
LHTSSH70SNPC;90
LHTSABALSNPC;90
LHTSABPCSNPC;90
LT335W1006050012;60
LT3528W1006050012;60
LT3528WC6050012;60
LT3528W406050012;60
LT3528W306050012;60
LT3528WB6050012;60
LT3528R6050012;60
LT3528B6050012;60
LT3528G6050012;60
LT3528Y6050012;60
LT3528W6012050012;60
LT3528W4012050012;60
LT3528W3012050012;60
LT3528W2712050012;60
LT3528R12050012;60
LT3528B12050012;60
LT3528G12050012;60
LT3528Y12050012;60
LT3528W606050024;60
LT3528W406050024;60
LT3528W306050024;60
LT3528W276050024;60
LT3528R6050024;60
LT3528B6050024;60
LT3528G6050024;60
LT3528Y6050024;60
LT3528W6012050024;60
LT3528W4012050024;60
LT3528W3012050024;60
LT3528W2712050024;60
LT3528R12050024;60
LT3528B12050024;60
LT3528G12050024;60
LT3528Y12050024;60
LT3528W6012050024S;60
LT3528W2712050024S;60
LT3528WBWC12050024S;60
LT3528W6024050024;60
LT3528W4024050024;60
LT3528W2724050024;60
LT3528W1006050012IP44;60
LT3528WC6050012IP44;60
LT3528W406050012IP44;60
LT3528WB6050012IP44;60
LT3528R6050012IP44;60
LT3528B6050012IP44;60
LT3528G6050012IP44;60
LT3528Y6050012IP44;60
LT3528W6012050012IP44;60
LT3528W4012050012IP44;60
LT3528W3012050012IP44;60
LT3528W2712050012IP44;60
LT3528W606050024IP44;60
LT3528W406050024IP44;60
LT3528W306050024IP44;60
LT3528W276050024IP44;60
LT3528R6050024IP44;60
LT3528B6050024IP44;60
LT3528G6050024IP44;60
LT3528Y6050024IP44;60
LT3528W6012050024IP44;60
LT3528W4012050024IP44;60
LT3528W3012050024IP44;60
LT3528W2712050024IP44;60
LT3528R12050024IP44;60
LT3528B12050024IP44;60
LT3528G12050024IP44;60
LT3528Y12050024IP44;60
LT5050W603050012;60
LT5050W403050012;60
LT5050W303050012;60
LT5050W273050012;60
LT5050RGB3050012;60
LT5050W606050012;60
LT5050W406050012;60
LT5050W306050012;60
LT5050W276050012;60
LT5050RGB6050012;60
LT5050WBWC6050012;60
LT5050W603050024;60
LT5050W403050024;60
LT5050W303050024;60
LT5050W273050024;60
LT5050RGB3050024;60
LT5050W606050024;60
LT5050W406050024;60
LT5050W306050024;60
LT5050W276050024;60
LT5050B6050024;60
LT5050RGB6050024;60
LT5050RGBW276050024;60
LT5050RGBW406050024;60
LT5050RGBW606050024;60
LT5050W276050024IC;60
LT5050W406050024IC;60
LT5050W606050024IC;60
LT5050W27946050024IC;60
LT5050W603050012IP44;60
LT5050W273050012IP44;60
LT5050RGB3050012IP44;60
LT5050W606050012IP44;60
LT5050W276050012IP44;60
LT5050RGB6050012IP44;60
LT5050RGB3050024IP44;60
LT5050W606050024IP44;60
LT5050W406050024IP44;60
LT5050W276050024IP44;60
LT5050RGB6050024IP44;60
LT5050RGBW276050024IP44;60
LT5050RGBW406050024IP44;60
LT5050RGBW606050024IP44;60
LT5050W606050024IP67;60
LT5050W276050024IP67;60
LT5050RGB6050024IP67;60
LT335W1006050012IP67;60
LT5050RGB6050012IP67;60
LS2835W60563000230ACIP54;60
LS2835W30563000230ACIP54;60
ZBALACDC50;60
LT2835ZW276050012IP20;60
LT2835ZW406050012IP20;60
LT2835ZW606050012IP20;60
LT2835ZW276050024IP20;60
LT2835ZW406050024IP20;60
LT2835ZW606050024IP20;60
LT2835W276050012IP20C92;60
LT2835W306050012IP20C92;60
LT2835W406050012IP20C92;60
LT2835W576050012IP20C92;60
LT2835W2712050012IP20C92;60
LT2835W3012050012IP20C92;60
LT2835W4012050012IP20C92;60
LT2835W5712050012IP20C92;60
LT2835TW276012050012IP20C92;60
LT2835W276050024IP20C92;60
LT2835W306050024IP20C92;60
LT2835W406050024IP20C92;60
LT2835W576050024IP20C92;60
LT2835W2212050024IP20C92;60
LT2835W2712050024IP20C92;60
LT2835W3012050024IP20C92;60
LT2835W4012050024IP20C92;60
LT2835W5712050024IP20C92;60
LT2835TW276012050024IP20C92;60
LT2835W2712050024IP44C92;60
LT3535RGB12050024IP20B;60
LT3535RGB12050024IP67B;60
SP5050RGB3050012;60
SP5050RGB3050012SET;60
LT5050RGBIC593605005IP20;60
LT5050RGBIC593605005IP44;60
LT2216W2730050024IP20C90;60
LT2216W4030050024IP20C90;60
LT2216W5730050024IP20C90;60
PANMD3030W321S10;90
PANMD3030W421S10;90
PANMD3030W521S10;90
PANMD6030W338W10;90
PANMD6030W438W10;90
PANMD6030W538W10;90
PANMD6262W380S10;90
PANMD6262W480S10;90
PANMD6262W580S10;90
PANMDUGR6262W340W10;90
PANMDUGR6262W440W10;90
PANMDUGR6262W540W10;90
PANMDUGR1195295W340W10;90
PANMDUGR1195295W440W10;90
PANMDUGR1195295W540W10;90
PANMD1195295W340;90
PANMD1195295W440;90
PANMD1195295W540;90
PANMD1195295W380;90
PANMD1195295W480;90
PANMD1195295W580;90
PANMD1195595W380;90
PANMD1195595W480;90
PANMD1195595W580;90
PANMD3030TW27621S10;90
PANMD6262TW276054S10;90
PANMD1230TW276054S10;90
PANMD1260TW276054S10;90
PANZBTWSTN13;90
PANZBTWSTN6;90
PANZBTWFBTOU1;90
PANZBTWFBM4;90
PAN6030W338W10;90
PAN6030W438W10;90
PAN6030W538W10;90
